id;company_name;tax_number;contact_name;address;email;fax;mobile;phone;note
1;abcúg piszkos;against művészbejáró bővelkedő;ó;satöbbi karizmatikus szvázi;Abigel44@citromail.hu;felszív hamar;bárcsak bárcsak;06702186182;felcsigáz ibolyaszínű aha
2;közül;hehe brit;brr gördeszkázik hehe;behűt onto;Viktor33@citromail.hu;úgyhogy;beneath;+36 30/377-9311;pssz times
3;lábhoz;biedermeier elővezet;bezárva meg;antioxidáns dehát ódivatú;Szofia.Tamas74@gmail.com;kajla;valamennyi gémüstökgomba úgyhogy;+36309890552;objektív
4;büntetlenül egyfelől hát;via;rakott káposzta észrevehető past;a görkorcsolya;Izabella_Somogyi67@outlook.hu;off aprított;jaj meg előboltosulás;+36 70/356-7366;á fegyverraktár
5;hántol for;lábhoz jobbkezes;lenyom;a mindazonáltal kohol;Natalia.Orban@freemail.hu;hivatott abház;afore aha legendás;06703168297;megfellebbez
6;növényevő nálam;legott megerőltető;egyenlőtlenül taszít metiltesztoszteron;hajókázik kinn dehidrál;Vince.Mate@hotmail.hu;outside illetőleg;minthogy;+36307764982;sans upon kukucskál
7;esőcsináló udvari bujdosik;since;klarinétos;felelősségteljes tavalyelőtt támogatott;Izabella.Fekete49@gmail.com;abbizony plus;bárcsak áramtalanító összeadás;0036504011210;bizonyítvány
8;kapcsos;vöröses kénvirággomba bevezetés;valameddig tavalyelőtt;átépit trivializál against;Zejnep54@outlook.com;gondosan egyenesen;fegyverraktár kivéve ha;06503817842;hehe madridi könyörtelenül
9;bárcsak notwithstanding pótvizsga;mindig;óh megfertőz alma;csörgedezik nemcsak;Bella_Torok@hotamil.com;dupla brr;bűntudatos;+36 50/005-1180;csorbóka keneget
10;bizony á spanyol;ajjaj kétesen;hol;illetőleg;Kolos.Molnar78@outlook.hu;brr pedikűröz begörcsöl;erőltetés pszichoaktív;+36 70/868-2895;hív átépit
